<?xml version="1.0" encoding="UTF-8" standalone="yes"?>
<addon id="repository.Blackthime" name="[COLOR lime]BLACKTHIME Repositorio[/COLOR]" version="1.0.0" provider-name="TEAM BLACKTHIME">
    <extension point="xbmc.addon.repository" name="BLACKTHIME Repositorio">
        <info>https://raw.githubusercontent.com/gojida/repor/master/Repositorio/addons.xml</info>
        <checksum>https://raw.githubusercontent.com/gojida/repor/master/Repositorio/addons.xml.md5</checksum>
        <datadir zip="true">https://raw.githubusercontent.com/gojida/repor/master/Repositorio/plugin.video.hardkira</datadir>
    </extension>
    <extension point="xbmc.addon.metadata">
        <summary>CREADO POR TEAM BLACKTHIME</summary>
        <description></description>
        <disclaimer></disclaimer>
        <platform>all</platform>
    </extension>
</addon>
